{"cameraMode":{"drawMode":0,"name":"Shaded","section":"Shading Mode"},"sceneLighting":true,"audioPlay":false,"sceneViewState":{"showFog":true,"showMaterialUpdate":false,"showSkybox":true,"showFlares":true,"showImageEffects":true,"showParticleSystems":true},"in2DMode":false,"pivot":{"x":3.3568317890167238,"y":-0.2723243236541748,"z":8.815038681030274},"rotation":{"x":-0.09728250652551651,"y":-0.19223563373088838,"z":0.01915384642779827,"w":-0.9763271808624268},"size":12.411399841308594,"orthographic":false}