{"cameraMode":{"drawMode":0,"name":"Shaded","section":"Shading Mode"},"sceneLighting":true,"audioPlay":false,"sceneViewState":{"showFog":true,"showMaterialUpdate":false,"showSkybox":true,"showFlares":true,"showImageEffects":true,"showParticleSystems":true},"in2DMode":false,"pivot":{"x":-7.5736565589904789,"y":-1.2185314893722535,"z":18.261512756347658},"rotation":{"x":0.06481924653053284,"y":-0.20861299335956574,"z":0.013859016820788384,"w":0.9757494926452637},"size":20.141878128051759,"orthographic":false}