{"cameraMode":{"drawMode":0,"name":"Shaded","section":"Shading Mode"},"sceneLighting":false,"audioPlay":false,"sceneViewState":{"showFog":true,"showMaterialUpdate":false,"showSkybox":true,"showFlares":true,"showImageEffects":true,"showParticleSystems":true},"in2DMode":false,"pivot":{"x":-0.3840000033378601,"y":0.7179999947547913,"z":1.2879999876022339},"rotation":{"x":0.21211189031600953,"y":-0.2873348295688629,"z":0.06541186571121216,"w":0.9317556619644165},"size":2.491445302963257,"orthographic":false}