{"cameraMode":{"drawMode":0,"name":"Shaded","section":"Shading Mode"},"sceneLighting":true,"audioPlay":false,"sceneViewState":{"showFog":true,"showMaterialUpdate":false,"showSkybox":true,"showFlares":true,"showImageEffects":true,"showParticleSystems":true},"in2DMode":false,"pivot":{"x":-13.01819896697998,"y":0.3902559280395508,"z":14.011287689208985},"rotation":{"x":0.02388506941497326,"y":-0.38064321875572207,"z":0.009836124256253243,"w":0.9243611097335815},"size":20.141878128051759,"orthographic":false}